Roll No,Name,Batch,Domain
1,Saif,19,CS
2,Shaiq,20,AI
3,Mariam,21,BA
4,Qasim,22,SE
5,Areeb,19,CS
6,Muskan,20,AI
7,Soban,21,BA
8,Ali,22,SE
9,Shakir,19,CS
10,Qaseem,20,AI
11,Fareh,21,BA
12,Abdullah,22,SE
13,Muzammil,19,CS
14,Danish,20,AI
15,Sheheryar,21,BA
16,Muqees,22,SE
17,Maham,19,CS
18,Shawal,20,AI
19,Nouman,21,BA
20,Hasnain,22,SE
21,Hassan,19,CS
22,Sufyan,20,AI
23,Saif,19,CS
24,Shaiq,20,AI
25,Mariam,21,BA
26,Qasim,22,SE
27,Areeb,19,CS
28,Muskan,20,AI
29,Soban,21,BA
30,Ali,22,SE
31,Shakir,19,CS
32,Qaseem,20,AI
33,Fareh,21,BA
34,Abdullah,22,SE
35,Muzammil,19,CS
36,Danish,20,AI
37,Sheheryar,21,BA
38,Muqees,22,SE
39,Maham,19,CS
40,Shawal,20,AI
41,Nouman,21,BA
42,Hasnain,22,SE
43,Hassan,19,CS
44,Sufyan,20,AI
45,Saif,19,CS
46,Shaiq,20,AI
47,Mariam,21,BA
48,Qasim,22,SE
49,Areeb,19,CS
50,Muskan,20,AI
51,Soban,21,BA
52,Ali,22,SE
53,Shakir,19,CS
54,Qaseem,20,AI
55,Fareh,21,BA
56,Abdullah,22,SE
57,Muzammil,19,CS
58,Danish,20,AI
59,Sheheryar,21,BA
60,Muqees,22,SE
61,Maham,19,CS
62,Shawal,20,AI
63,Nouman,21,BA
64,Hasnain,22,SE
65,Hassan,19,CS
66,Sufyan,20,AI
67,Saif,19,CS
68,Shaiq,20,AI
69,Mariam,21,BA
70,Qasim,22,SE
71,Areeb,19,CS
72,Muskan,20,AI
73,Soban,21,BA
74,Ali,22,SE
75,Shakir,19,CS
76,Qaseem,20,AI
77,Fareh,21,BA
78,Abdullah,22,SE
79,Muzammil,19,CS
80,Danish,20,AI
81,Sheheryar,21,BA
82,Muqees,22,SE
83,Maham,19,CS
84,Shawal,20,AI
85,Nouman,21,BA
86,Hasnain,22,SE
87,Hassan,19,CS
88,Sufyan,20,AI
89,Saif,19,CS
90,Shaiq,20,AI
91,Mariam,21,BA
92,Qasim,22,SE
93,Areeb,19,CS
94,Muskan,20,AI
95,Soban,21,BA
96,Ali,22,SE
97,Shakir,19,CS
98,Qaseem,20,AI
99,Fareh,21,BA
100,Abdullah,22,SE
101,Muzammil,19,CS
102,Danish,20,AI
103,Sheheryar,21,BA
104,Muqees,22,SE
105,Maham,19,CS
106,Shawal,20,AI
107,Nouman,21,BA
108,Hasnain,22,SE
109,Hassan,19,CS
110,Sufyan,20,AI
111,Saif,19,CS
112,Shaiq,20,AI
113,Mariam,21,BA
114,Qasim,22,SE
115,Areeb,19,CS
116,Muskan,20,AI
117,Soban,21,BA
118,Ali,22,SE
119,Shakir,19,CS
120,Qaseem,20,AI
121,Fareh,21,BA
122,Abdullah,22,SE
123,Muzammil,19,CS
124,Danish,20,AI
125,Sheheryar,21,BA
126,Muqees,22,SE
127,Maham,19,CS
128,Shawal,20,AI
129,Nouman,21,BA
130,Hasnain,22,SE
131,Hassan,19,CS
132,Sufyan,20,AI
133,Saif,19,CS
134,Shaiq,20,AI
135,Mariam,21,BA
136,Qasim,22,SE
137,Areeb,19,CS
138,Muskan,20,AI
139,Soban,21,BA
140,Ali,22,SE
141,Shakir,19,CS
142,Qaseem,20,AI
143,Fareh,21,BA
144,Abdullah,22,SE
145,Muzammil,19,CS
146,Danish,20,AI
147,Sheheryar,21,BA
148,Muqees,22,SE
149,Maham,19,CS
150,Shawal,20,AI
151,Nouman,21,BA
152,Hasnain,22,SE
153,Hassan,19,CS
154,Sufyan,20,AI
155,Saif,19,CS
156,Shaiq,20,AI
157,Mariam,21,BA
158,Qasim,22,SE
159,Areeb,19,CS
160,Muskan,20,AI
161,Soban,21,BA
162,Ali,22,SE
163,Shakir,19,CS
164,Qaseem,20,AI
165,Fareh,21,BA
166,Abdullah,22,SE
167,Muzammil,19,CS
168,Danish,20,AI
169,Sheheryar,21,BA
170,Muqees,22,SE
171,Maham,19,CS
172,Shawal,20,AI
173,Nouman,21,BA
174,Hasnain,22,SE
175,Hassan,19,CS
176,Sufyan,20,AI
177,Saif,19,CS
178,Shaiq,20,AI
179,Mariam,21,BA
180,Qasim,22,SE
181,Areeb,19,CS
182,Muskan,20,AI
183,Soban,21,BA
184,Ali,22,SE
185,Shakir,19,CS
186,Qaseem,20,AI
187,Fareh,21,BA
188,Abdullah,22,SE
189,Muzammil,19,CS
190,Danish,20,AI
191,Sheheryar,21,BA
192,Muqees,22,SE
193,Maham,19,CS
194,Shawal,20,AI
195,Nouman,21,BA
196,Hasnain,22,SE
197,Hassan,19,CS
198,Sufyan,20,AI
199,Saif,19,CS
200,Shaiq,20,AI
201,Mariam,21,BA
202,Qasim,22,SE
203,Areeb,19,CS
204,Muskan,20,AI
205,Soban,21,BA
206,Ali,22,SE
207,Shakir,19,CS
208,Qaseem,20,AI
209,Fareh,21,BA
210,Abdullah,22,SE
211,Muzammil,19,CS
212,Danish,20,AI
213,Sheheryar,21,BA
214,Muqees,22,SE
215,Maham,19,CS
216,Shawal,20,AI
217,Nouman,21,BA
218,Hasnain,22,SE
219,Hassan,19,CS
220,Sufyan,20,AI
221,Saif,19,CS
222,Shaiq,20,AI
223,Mariam,21,BA
224,Qasim,22,SE
225,Areeb,19,CS
226,Muskan,20,AI
227,Soban,21,BA
228,Ali,22,SE
229,Shakir,19,CS
230,Qaseem,20,AI
231,Fareh,21,BA
232,Abdullah,22,SE
233,Muzammil,19,CS
234,Danish,20,AI
235,Sheheryar,21,BA
236,Muqees,22,SE
237,Maham,19,CS
238,Shawal,20,AI
239,Nouman,21,BA
240,Hasnain,22,SE
241,Hassan,19,CS
242,Sufyan,20,AI
243,Saif,19,CS
244,Shaiq,20,AI
245,Mariam,21,BA
246,Qasim,22,SE
247,Areeb,19,CS
248,Muskan,20,AI
249,Soban,21,BA
250,Ali,22,SE
251,Shakir,19,CS
252,Qaseem,20,AI
253,Fareh,21,BA
254,Abdullah,22,SE
255,Muzammil,19,CS
256,Danish,20,AI
257,Sheheryar,21,BA
258,Muqees,22,SE
259,Maham,19,CS
260,Shawal,20,AI
261,Nouman,21,BA
262,Hasnain,22,SE
263,Hassan,19,CS
264,Sufyan,20,AI
265,Saif,19,CS
266,Shaiq,20,AI
267,Mariam,21,BA
268,Qasim,22,SE
269,Areeb,19,CS
270,Muskan,20,AI
271,Soban,21,BA
272,Ali,22,SE
273,Shakir,19,CS
274,Qaseem,20,AI
275,Fareh,21,BA
276,Abdullah,22,SE
277,Muzammil,19,CS
278,Danish,20,AI
279,Sheheryar,21,BA
280,Muqees,22,SE
281,Maham,19,CS
282,Shawal,20,AI
283,Nouman,21,BA
284,Hasnain,22,SE
285,Hassan,19,CS
286,Sufyan,20,AI
287,Saif,19,CS
288,Shaiq,20,AI
289,Mariam,21,BA
290,Qasim,22,SE
291,Areeb,19,CS
292,Muskan,20,AI
293,Soban,21,BA
294,Ali,22,SE
295,Shakir,19,CS
296,Qaseem,20,AI
297,Fareh,21,BA
298,Abdullah,22,SE
299,Muzammil,19,CS
300,Danish,20,AI
301,Sheheryar,21,BA
302,Muqees,22,SE
303,Maham,19,CS
304,Shawal,20,AI
305,Nouman,21,BA
306,Hasnain,22,SE
307,Hassan,19,CS
308,Sufyan,20,AI
309,Saif,19,CS
310,Shaiq,20,AI
311,Mariam,21,BA
312,Qasim,22,SE
313,Areeb,19,CS
314,Muskan,20,AI
315,Soban,21,BA
316,Ali,22,SE
317,Shakir,19,CS
318,Qaseem,20,AI
319,Fareh,21,BA
320,Abdullah,22,SE
321,Muzammil,19,CS
322,Danish,20,AI
323,Sheheryar,21,BA
324,Muqees,22,SE
325,Maham,19,CS
326,Shawal,20,AI
327,Nouman,21,BA
328,Hasnain,22,SE
329,Hassan,19,CS
330,Sufyan,20,AI
331,Saif,19,CS
332,Shaiq,20,AI
333,Mariam,21,BA
334,Qasim,22,SE
335,Areeb,19,CS
336,Muskan,20,AI
337,Soban,21,BA
338,Ali,22,SE
339,Shakir,19,CS
340,Qaseem,20,AI
341,Fareh,21,BA
342,Abdullah,22,SE
343,Muzammil,19,CS
344,Danish,20,AI
345,Sheheryar,21,BA
346,Muqees,22,SE
347,Maham,19,CS
348,Shawal,20,AI
349,Nouman,21,BA
350,Hasnain,22,SE
351,Hassan,19,CS
352,Sufyan,20,AI
353,Saif,19,CS
354,Shaiq,20,AI
355,Mariam,21,BA
356,Qasim,22,SE
357,Areeb,19,CS
358,Muskan,20,AI
359,Soban,21,BA
360,Ali,22,SE
361,Shakir,19,CS
362,Qaseem,20,AI
363,Fareh,21,BA
364,Abdullah,22,SE
365,Muzammil,19,CS
366,Danish,20,AI
367,Sheheryar,21,BA
368,Muqees,22,SE
369,Maham,19,CS
370,Shawal,20,AI
371,Nouman,21,BA
372,Hasnain,22,SE
373,Hassan,19,CS
374,Sufyan,20,AI
375,Saif,19,CS
376,Shaiq,20,AI
377,Mariam,21,BA
378,Qasim,22,SE
379,Areeb,19,CS
380,Muskan,20,AI
381,Soban,21,BA
382,Ali,22,SE
383,Shakir,19,CS
384,Qaseem,20,AI
385,Fareh,21,BA
386,Abdullah,22,SE
387,Muzammil,19,CS
388,Danish,20,AI
389,Sheheryar,21,BA
390,Muqees,22,SE
391,Maham,19,CS
392,Shawal,20,AI
393,Nouman,21,BA
394,Hasnain,22,SE
395,Hassan,19,CS
396,Sufyan,20,AI
397,Saif,19,CS
398,Shaiq,20,AI
399,Mariam,21,BA
400,Qasim,22,SE
401,Areeb,19,CS
402,Muskan,20,AI
403,Soban,21,BA
404,Ali,22,SE
405,Shakir,19,CS
406,Qaseem,20,AI
407,Fareh,21,BA
408,Abdullah,22,SE
409,Muzammil,19,CS
410,Danish,20,AI
411,Sheheryar,21,BA
412,Muqees,22,SE
413,Maham,19,CS
414,Shawal,20,AI
415,Nouman,21,BA
416,Hasnain,22,SE
417,Hassan,19,CS
418,Sufyan,20,AI
419,Saif,19,CS
420,Shaiq,20,AI
421,Mariam,21,BA
422,Qasim,22,SE
423,Areeb,19,CS
424,Muskan,20,AI
425,Soban,21,BA
426,Ali,22,SE
427,Shakir,19,CS
428,Qaseem,20,AI
429,Fareh,21,BA
430,Abdullah,22,SE
431,Muzammil,19,CS
432,Danish,20,AI
433,Sheheryar,21,BA
434,Muqees,22,SE
435,Maham,19,CS
436,Shawal,20,AI
437,Nouman,21,BA
438,Hasnain,22,SE
439,Hassan,19,CS
440,Sufyan,20,AI
441,Saif,19,CS
442,Shaiq,20,AI
443,Mariam,21,BA
444,Qasim,22,SE
445,Areeb,19,CS
446,Muskan,20,AI
447,Soban,21,BA
448,Ali,22,SE
449,Shakir,19,CS
450,Qaseem,20,AI
451,Fareh,21,BA
452,Abdullah,22,SE
453,Muzammil,19,CS
454,Danish,20,AI
455,Sheheryar,21,BA
456,Muqees,22,SE
457,Maham,19,CS
458,Shawal,20,AI
459,Nouman,21,BA
460,Hasnain,22,SE
461,Hassan,19,CS
462,Sufyan,20,AI
463,Saif,19,CS
464,Shaiq,20,AI
465,Mariam,21,BA
466,Qasim,22,SE
467,Areeb,19,CS
468,Muskan,20,AI
469,Soban,21,BA
470,Ali,22,SE
471,Shakir,19,CS
472,Qaseem,20,AI
473,Fareh,21,BA
474,Abdullah,22,SE
475,Muzammil,19,CS
476,Danish,20,AI
477,Sheheryar,21,BA
478,Muqees,22,SE
479,Maham,19,CS
480,Shawal,20,AI
481,Nouman,21,BA
482,Hasnain,22,SE
483,Hassan,19,CS
484,Sufyan,20,AI
485,Saif,19,CS
486,Shaiq,20,AI
487,Mariam,21,BA
488,Qasim,22,SE
489,Areeb,19,CS
490,Muskan,20,AI
491,Soban,21,BA
492,Ali,22,SE
493,Shakir,19,CS
494,Qaseem,20,AI
495,Fareh,21,BA
496,Abdullah,22,SE
497,Muzammil,19,CS
498,Danish,20,AI
499,Sheheryar,21,BA
500,Muqees,22,SE
501,Maham,19,CS
502,Shawal,20,AI
503,Nouman,21,BA
504,Hasnain,22,SE
505,Hassan,19,CS
506,Sufyan,20,AI
507,Saif,19,CS
508,Shaiq,20,AI
509,Mariam,21,BA
510,Qasim,22,SE
511,Areeb,19,CS
512,Muskan,20,AI
513,Soban,21,BA
514,Ali,22,SE
515,Shakir,19,CS
516,Qaseem,20,AI
517,Fareh,21,BA
518,Abdullah,22,SE
519,Muzammil,19,CS
520,Danish,20,AI
521,Sheheryar,21,BA
522,Muqees,22,SE
523,Maham,19,CS
524,Shawal,20,AI
525,Nouman,21,BA
526,Hasnain,22,SE
527,Hassan,19,CS
528,Sufyan,20,AI
529,Saif,19,CS
530,Shaiq,20,AI
531,Mariam,21,BA
532,Qasim,22,SE
533,Areeb,19,CS
534,Muskan,20,AI
535,Soban,21,BA
536,Ali,22,SE
537,Shakir,19,CS
538,Qaseem,20,AI
539,Fareh,21,BA
540,Abdullah,22,SE
541,Muzammil,19,CS
542,Danish,20,AI
543,Sheheryar,21,BA
544,Muqees,22,SE
545,Maham,19,CS
546,Shawal,20,AI
547,Nouman,21,BA
548,Hasnain,22,SE
549,Hassan,19,CS
550,Sufyan,20,AI
551,Saif,19,CS
552,Shaiq,20,AI
553,Mariam,21,BA
554,Qasim,22,SE
555,Areeb,19,CS
556,Muskan,20,AI
557,Soban,21,BA
558,Ali,22,SE
559,Shakir,19,CS
560,Qaseem,20,AI
561,Fareh,21,BA
562,Abdullah,22,SE
563,Muzammil,19,CS
564,Danish,20,AI
565,Sheheryar,21,BA
566,Muqees,22,SE
567,Maham,19,CS
568,Shawal,20,AI
569,Nouman,21,BA
570,Hasnain,22,SE
571,Hassan,19,CS
572,Sufyan,20,AI
573,Saif,19,CS
574,Shaiq,20,AI
575,Mariam,21,BA
576,Qasim,22,SE
577,Areeb,19,CS
578,Muskan,20,AI
579,Soban,21,BA
580,Ali,22,SE
581,Shakir,19,CS
582,Qaseem,20,AI
583,Fareh,21,BA
584,Abdullah,22,SE
585,Muzammil,19,CS
586,Danish,20,AI
587,Sheheryar,21,BA
588,Muqees,22,SE
589,Maham,19,CS
590,Shawal,20,AI
591,Nouman,21,BA
592,Hasnain,22,SE
593,Hassan,19,CS
594,Sufyan,20,AI
595,Saif,19,CS
596,Shaiq,20,AI
597,Mariam,21,BA
598,Qasim,22,SE
599,Areeb,19,CS
600,Muskan,20,AI
601,Soban,21,BA
602,Ali,22,SE
603,Shakir,19,CS
604,Qaseem,20,AI
605,Fareh,21,BA
606,Abdullah,22,SE
607,Muzammil,19,CS
608,Danish,20,AI
609,Sheheryar,21,BA
610,Muqees,22,SE
611,Maham,19,CS
612,Shawal,20,AI
613,Nouman,21,BA
614,Hasnain,22,SE
615,Hassan,19,CS
616,Sufyan,20,AI
617,Saif,19,CS
618,Shaiq,20,AI
619,Mariam,21,BA
620,Qasim,22,SE
621,Areeb,19,CS
622,Muskan,20,AI
623,Soban,21,BA
624,Ali,22,SE
625,Shakir,19,CS
626,Qaseem,20,AI
627,Fareh,21,BA
628,Abdullah,22,SE
629,Muzammil,19,CS
630,Danish,20,AI
631,Sheheryar,21,BA
632,Muqees,22,SE
633,Maham,19,CS
634,Shawal,20,AI
635,Nouman,21,BA
636,Hasnain,22,SE
637,Hassan,19,CS
638,Sufyan,20,AI
639,Saif,19,CS
640,Shaiq,20,AI
641,Mariam,21,BA
642,Qasim,22,SE
643,Areeb,19,CS
644,Muskan,20,AI
645,Soban,21,BA
646,Ali,22,SE
647,Shakir,19,CS
648,Qaseem,20,AI
649,Fareh,21,BA
650,Abdullah,22,SE
651,Muzammil,19,CS
652,Danish,20,AI
653,Sheheryar,21,BA
654,Muqees,22,SE
655,Maham,19,CS
656,Shawal,20,AI
657,Nouman,21,BA
658,Hasnain,22,SE
659,Hassan,19,CS
660,Sufyan,20,AI
661,Saif,19,CS
662,Shaiq,20,AI
663,Mariam,21,BA
664,Qasim,22,SE
665,Areeb,19,CS
666,Muskan,20,AI
667,Soban,21,BA
668,Ali,22,SE
669,Shakir,19,CS
670,Qaseem,20,AI
671,Fareh,21,BA
672,Abdullah,22,SE
673,Muzammil,19,CS
674,Danish,20,AI
675,Sheheryar,21,BA
676,Muqees,22,SE
677,Maham,19,CS
678,Shawal,20,AI
679,Nouman,21,BA
680,Hasnain,22,SE
681,Hassan,19,CS
682,Sufyan,20,AI
683,Saif,19,CS
684,Shaiq,20,AI
685,Mariam,21,BA
686,Qasim,22,SE
687,Areeb,19,CS
688,Muskan,20,AI
689,Soban,21,BA
690,Ali,22,SE
691,Shakir,19,CS
692,Qaseem,20,AI
693,Fareh,21,BA
694,Abdullah,22,SE
695,Muzammil,19,CS
696,Danish,20,AI
697,Sheheryar,21,BA
698,Muqees,22,SE
699,Maham,19,CS
700,Shawal,20,AI
701,Nouman,21,BA
702,Hasnain,22,SE
703,Hassan,19,CS
704,Sufyan,20,AI
705,Saif,19,CS
706,Shaiq,20,AI
707,Mariam,21,BA
708,Qasim,22,SE
709,Areeb,19,CS
710,Muskan,20,AI
711,Soban,21,BA
712,Ali,22,SE
713,Shakir,19,CS
714,Qaseem,20,AI
715,Fareh,21,BA
716,Abdullah,22,SE
717,Muzammil,19,CS
718,Danish,20,AI
719,Sheheryar,21,BA
720,Muqees,22,SE
721,Maham,19,CS
722,Shawal,20,AI
723,Nouman,21,BA
724,Hasnain,22,SE
725,Hassan,19,CS
726,Sufyan,20,AI
727,Saif,19,CS
728,Shaiq,20,AI
729,Mariam,21,BA
730,Qasim,22,SE
731,Areeb,19,CS
732,Muskan,20,AI
733,Soban,21,BA
734,Ali,22,SE
735,Shakir,19,CS
736,Qaseem,20,AI
737,Fareh,21,BA
738,Abdullah,22,SE
739,Muzammil,19,CS
740,Danish,20,AI
741,Sheheryar,21,BA
742,Muqees,22,SE
743,Maham,19,CS
744,Shawal,20,AI
745,Nouman,21,BA
746,Hasnain,22,SE
747,Hassan,19,CS
748,Sufyan,20,AI
749,Saif,19,CS
750,Shaiq,20,AI
751,Mariam,21,BA
752,Qasim,22,SE
753,Areeb,19,CS
754,Muskan,20,AI
755,Soban,21,BA
756,Ali,22,SE
757,Shakir,19,CS
758,Qaseem,20,AI
759,Fareh,21,BA
760,Abdullah,22,SE
761,Muzammil,19,CS
762,Danish,20,AI
763,Sheheryar,21,BA
764,Muqees,22,SE
765,Maham,19,CS
766,Shawal,20,AI
767,Nouman,21,BA
768,Hasnain,22,SE
769,Hassan,19,CS
770,Sufyan,20,AI
771,Saif,19,CS
772,Shaiq,20,AI
773,Mariam,21,BA
774,Qasim,22,SE
775,Areeb,19,CS
776,Muskan,20,AI
777,Soban,21,BA
778,Ali,22,SE
779,Shakir,19,CS
780,Qaseem,20,AI
781,Fareh,21,BA
782,Abdullah,22,SE
783,Muzammil,19,CS
784,Danish,20,AI
785,Sheheryar,21,BA
786,Muqees,22,SE
787,Maham,19,CS
788,Shawal,20,AI
789,Nouman,21,BA
790,Hasnain,22,SE
791,Hassan,19,CS
792,Sufyan,20,AI
793,Saif,19,CS
794,Shaiq,20,AI
795,Mariam,21,BA
796,Qasim,22,SE
797,Areeb,19,CS
798,Muskan,20,AI
799,Soban,21,BA
800,Ali,22,SE
801,Shakir,19,CS
802,Qaseem,20,AI
803,Fareh,21,BA
804,Abdullah,22,SE
805,Muzammil,19,CS
806,Danish,20,AI
807,Sheheryar,21,BA
808,Muqees,22,SE
809,Maham,19,CS
810,Shawal,20,AI
811,Nouman,21,BA
812,Hasnain,22,SE
813,Hassan,19,CS
814,Sufyan,20,AI
815,Saif,19,CS
816,Shaiq,20,AI
817,Mariam,21,BA
818,Qasim,22,SE
819,Areeb,19,CS
820,Muskan,20,AI
821,Soban,21,BA
822,Ali,22,SE
823,Shakir,19,CS
824,Qaseem,20,AI
825,Fareh,21,BA
826,Abdullah,22,SE
827,Muzammil,19,CS
828,Danish,20,AI
829,Sheheryar,21,BA
830,Muqees,22,SE
831,Maham,19,CS
832,Shawal,20,AI
833,Nouman,21,BA
834,Hasnain,22,SE
835,Hassan,19,CS
836,Sufyan,20,AI
837,Saif,19,CS
838,Shaiq,20,AI
839,Mariam,21,BA
840,Qasim,22,SE
841,Areeb,19,CS
842,Muskan,20,AI
843,Soban,21,BA
844,Ali,22,SE
845,Shakir,19,CS
846,Qaseem,20,AI
847,Fareh,21,BA
848,Abdullah,22,SE
849,Muzammil,19,CS
850,Danish,20,AI
851,Sheheryar,21,BA
852,Muqees,22,SE
853,Maham,19,CS
854,Shawal,20,AI
855,Nouman,21,BA
856,Hasnain,22,SE
857,Hassan,19,CS
858,Sufyan,20,AI
859,Saif,19,CS
860,Shaiq,20,AI
861,Mariam,21,BA
862,Qasim,22,SE
863,Areeb,19,CS
864,Muskan,20,AI
865,Soban,21,BA
866,Ali,22,SE
867,Shakir,19,CS
868,Qaseem,20,AI
869,Fareh,21,BA
870,Abdullah,22,SE
871,Muzammil,19,CS
872,Danish,20,AI
873,Sheheryar,21,BA
874,Muqees,22,SE
875,Maham,19,CS
876,Shawal,20,AI
877,Nouman,21,BA
878,Hasnain,22,SE
879,Hassan,19,CS
880,Sufyan,20,AI
881,Saif,19,CS
882,Shaiq,20,AI
883,Mariam,21,BA
884,Qasim,22,SE
885,Areeb,19,CS
886,Muskan,20,AI
887,Soban,21,BA
888,Ali,22,SE
889,Shakir,19,CS
890,Qaseem,20,AI
891,Fareh,21,BA
892,Abdullah,22,SE
893,Muzammil,19,CS
894,Danish,20,AI
895,Sheheryar,21,BA
896,Muqees,22,SE
897,Maham,19,CS
898,Shawal,20,AI
899,Nouman,21,BA
900,Hasnain,22,SE
901,Hassan,19,CS
902,Sufyan,20,AI
903,Saif,19,CS
904,Shaiq,20,AI
905,Mariam,21,BA
906,Qasim,22,SE
907,Areeb,19,CS
908,Muskan,20,AI
909,Soban,21,BA
910,Ali,22,SE
911,Shakir,19,CS
912,Qaseem,20,AI
913,Fareh,21,BA
914,Abdullah,22,SE
915,Muzammil,19,CS
916,Danish,20,AI
917,Sheheryar,21,BA
918,Muqees,22,SE
919,Maham,19,CS
920,Shawal,20,AI
921,Nouman,21,BA
922,Hasnain,22,SE
923,Hassan,19,CS
924,Sufyan,20,AI
925,Saif,19,CS
926,Shaiq,20,AI
927,Mariam,21,BA
928,Qasim,22,SE
929,Areeb,19,CS
930,Muskan,20,AI
931,Soban,21,BA
932,Ali,22,SE
933,Shakir,19,CS
934,Qaseem,20,AI
935,Fareh,21,BA
936,Abdullah,22,SE
937,Muzammil,19,CS
938,Danish,20,AI
939,Sheheryar,21,BA
940,Muqees,22,SE
941,Maham,19,CS
942,Shawal,20,AI
943,Nouman,21,BA
944,Hasnain,22,SE
945,Hassan,19,CS
946,Sufyan,20,AI
947,Saif,19,CS
948,Shaiq,20,AI
949,Mariam,21,BA
950,Qasim,22,SE
951,Areeb,19,CS
952,Muskan,20,AI
953,Soban,21,BA
954,Ali,22,SE
955,Shakir,19,CS
956,Qaseem,20,AI
957,Fareh,21,BA
958,Abdullah,22,SE
959,Muzammil,19,CS
960,Danish,20,AI
961,Sheheryar,21,BA
962,Muqees,22,SE
963,Maham,19,CS
964,Shawal,20,AI
965,Nouman,21,BA
966,Hasnain,22,SE
967,Hassan,19,CS
968,Sufyan,20,AI
969,Saif,19,CS
970,Shaiq,20,AI
971,Mariam,21,BA
972,Qasim,22,SE
973,Areeb,19,CS
974,Muskan,20,AI
975,Soban,21,BA
976,Ali,22,SE
977,Shakir,19,CS
978,Qaseem,20,AI
979,Fareh,21,BA
980,Abdullah,22,SE
981,Muzammil,19,CS
982,Danish,20,AI
983,Sheheryar,21,BA
984,Muqees,22,SE
985,Maham,19,CS
986,Shawal,20,AI
987,Nouman,21,BA
988,Hasnain,22,SE
989,Hassan,19,CS
990,Sufyan,20,AI
991,Saif,19,CS
992,Shaiq,20,AI
993,Mariam,21,BA
994,Qasim,22,SE
995,Areeb,19,CS
996,Muskan,20,AI
997,Soban,21,BA
998,Ali,22,SE
999,Shakir,19,CS
1000,Qaseem,20,AI
1001,Fareh,21,BA
1002,Abdullah,22,SE
1003,Muzammil,19,CS
1004,Danish,20,AI
1005,Sheheryar,21,BA
1006,Muqees,22,SE
1007,Maham,19,CS
1008,Shawal,20,AI
1009,Nouman,21,BA
1010,Hasnain,22,SE
1011,Hassan,19,CS
1012,Sufyan,20,AI
1013,Saif,19,CS
1014,Shaiq,20,AI
1015,Mariam,21,BA
1016,Qasim,22,SE
1017,Areeb,19,CS
1018,Muskan,20,AI
1019,Soban,21,BA
1020,Ali,22,SE
1021,Shakir,19,CS
1022,Qaseem,20,AI
1023,Fareh,21,BA
1024,Abdullah,22,SE
1025,Muzammil,19,CS
1026,Danish,20,AI
1027,Sheheryar,21,BA
1028,Muqees,22,SE
1029,Maham,19,CS
1030,Shawal,20,AI
1031,Nouman,21,BA
1032,Hasnain,22,SE
1033,Hassan,19,CS
1034,Sufyan,20,AI
1035,Saif,19,CS
1036,Shaiq,20,AI
1037,Mariam,21,BA
1038,Qasim,22,SE
1039,Areeb,19,CS
1040,Muskan,20,AI
1041,Soban,21,BA
1042,Ali,22,SE
1043,Shakir,19,CS
1044,Qaseem,20,AI
1045,Fareh,21,BA
1046,Abdullah,22,SE
1047,Muzammil,19,CS
1048,Danish,20,AI
1049,Sheheryar,21,BA
1050,Muqees,22,SE
1051,Maham,19,CS
1052,Shawal,20,AI
1053,Nouman,21,BA
1054,Hasnain,22,SE
1055,Hassan,19,CS
1056,Sufyan,20,AI
1057,Saif,19,CS
1058,Shaiq,20,AI
1059,Mariam,21,BA
1060,Qasim,22,SE
1061,Areeb,19,CS
1062,Muskan,20,AI
1063,Soban,21,BA
1064,Ali,22,SE
1065,Shakir,19,CS
1066,Qaseem,20,AI
1067,Fareh,21,BA
1068,Abdullah,22,SE
1069,Muzammil,19,CS
1070,Danish,20,AI
1071,Sheheryar,21,BA
1072,Muqees,22,SE
1073,Maham,19,CS
1074,Shawal,20,AI
1075,Nouman,21,BA
1076,Hasnain,22,SE
1077,Hassan,19,CS
1078,Sufyan,20,AI
1079,Saif,19,CS
1080,Shaiq,20,AI
1081,Mariam,21,BA
1082,Qasim,22,SE
1083,Areeb,19,CS
1084,Muskan,20,AI
1085,Soban,21,BA
1086,Ali,22,SE
1087,Shakir,19,CS
1088,Qaseem,20,AI
1089,Fareh,21,BA
1090,Abdullah,22,SE
1091,Muzammil,19,CS
1092,Danish,20,AI
1093,Sheheryar,21,BA
1094,Muqees,22,SE
1095,Maham,19,CS
1096,Shawal,20,AI
1097,Nouman,21,BA
1098,Hasnain,22,SE
1099,Hassan,19,CS
1100,Sufyan,20,AI
1101,Saif,19,CS
1102,Shaiq,20,AI
1103,Mariam,21,BA
1104,Qasim,22,SE
1105,Areeb,19,CS
1106,Muskan,20,AI
1107,Soban,21,BA
1108,Ali,22,SE
1109,Shakir,19,CS
1110,Qaseem,20,AI
1111,Fareh,21,BA
1112,Abdullah,22,SE
1113,Muzammil,19,CS
1114,Danish,20,AI
1115,Sheheryar,21,BA
1116,Muqees,22,SE
1117,Maham,19,CS
1118,Shawal,20,AI
1119,Nouman,21,BA
1120,Hasnain,22,SE
1121,Hassan,19,CS
1122,Sufyan,20,AI
1123,Saif,19,CS
1124,Shaiq,20,AI
1125,Mariam,21,BA
1126,Qasim,22,SE
1127,Areeb,19,CS
1128,Muskan,20,AI
1129,Soban,21,BA
1130,Ali,22,SE
1131,Shakir,19,CS
1132,Qaseem,20,AI
1133,Fareh,21,BA
1134,Abdullah,22,SE
1135,Muzammil,19,CS
1136,Danish,20,AI
1137,Sheheryar,21,BA
1138,Muqees,22,SE
1139,Maham,19,CS
1140,Shawal,20,AI
1141,Nouman,21,BA
1142,Hasnain,22,SE
1143,Hassan,19,CS
1144,Sufyan,20,AI
1145,Saif,19,CS
1146,Shaiq,20,AI
1147,Mariam,21,BA
1148,Qasim,22,SE
1149,Areeb,19,CS
1150,Muskan,20,AI
1151,Soban,21,BA
1152,Ali,22,SE
1153,Shakir,19,CS
1154,Qaseem,20,AI
1155,Fareh,21,BA
1156,Abdullah,22,SE
1157,Muzammil,19,CS
1158,Danish,20,AI
1159,Sheheryar,21,BA
1160,Muqees,22,SE
1161,Maham,19,CS
1162,Shawal,20,AI
1163,Nouman,21,BA
1164,Hasnain,22,SE
1165,Hassan,19,CS
1166,Sufyan,20,AI
1167,Saif,19,CS
1168,Shaiq,20,AI
1169,Mariam,21,BA
1170,Qasim,22,SE
1171,Areeb,19,CS
1172,Muskan,20,AI
1173,Soban,21,BA
1174,Ali,22,SE
1175,Shakir,19,CS
1176,Qaseem,20,AI
1177,Fareh,21,BA
1178,Abdullah,22,SE
1179,Muzammil,19,CS
1180,Danish,20,AI
1181,Sheheryar,21,BA
1182,Muqees,22,SE
1183,Maham,19,CS
1184,Shawal,20,AI
1185,Nouman,21,BA
1186,Hasnain,22,SE
1187,Hassan,19,CS
1188,Sufyan,20,AI
1189,Saif,19,CS
1190,Shaiq,20,AI
1191,Mariam,21,BA
1192,Qasim,22,SE
1193,Areeb,19,CS
1194,Muskan,20,AI
1195,Soban,21,BA
1196,Ali,22,SE
1197,Shakir,19,CS
1198,Qaseem,20,AI
1199,Fareh,21,BA
1200,Abdullah,22,SE
1201,Muzammil,19,CS
1202,Danish,20,AI
1203,Sheheryar,21,BA
1204,Muqees,22,SE
1205,Maham,19,CS
1206,Shawal,20,AI
1207,Nouman,21,BA
1208,Hasnain,22,SE
1209,Hassan,19,CS
1210,Sufyan,20,AI
1211,Saif,19,CS
1212,Shaiq,20,AI
1213,Mariam,21,BA
1214,Qasim,22,SE
1215,Areeb,19,CS
1216,Muskan,20,AI
1217,Soban,21,BA
1218,Ali,22,SE
1219,Shakir,19,CS
1220,Qaseem,20,AI
1221,Fareh,21,BA
1222,Abdullah,22,SE
1223,Muzammil,19,CS
1224,Danish,20,AI
1225,Sheheryar,21,BA
1226,Muqees,22,SE
1227,Maham,19,CS
1228,Shawal,20,AI
1229,Nouman,21,BA
1230,Hasnain,22,SE
1231,Hassan,19,CS
1232,Sufyan,20,AI
1233,Saif,19,CS
1234,Shaiq,20,AI
1235,Mariam,21,BA
1236,Qasim,22,SE
1237,Areeb,19,CS
1238,Muskan,20,AI
1239,Soban,21,BA
1240,Ali,22,SE
1241,Shakir,19,CS
1242,Qaseem,20,AI
1243,Fareh,21,BA
1244,Abdullah,22,SE
1245,Muzammil,19,CS
1246,Danish,20,AI
1247,Sheheryar,21,BA
1248,Muqees,22,SE
1249,Maham,19,CS
1250,Shawal,20,AI
1251,Nouman,21,BA
1252,Hasnain,22,SE
1253,Hassan,19,CS
1254,Sufyan,20,AI
1255,Saif,19,CS
1256,Shaiq,20,AI
1257,Mariam,21,BA
1258,Qasim,22,SE
1259,Areeb,19,CS
1260,Muskan,20,AI
1261,Soban,21,BA
1262,Ali,22,SE
1263,Shakir,19,CS
1264,Qaseem,20,AI
1265,Fareh,21,BA
1266,Abdullah,22,SE
1267,Muzammil,19,CS
1268,Danish,20,AI
1269,Sheheryar,21,BA
1270,Muqees,22,SE
1271,Maham,19,CS
1272,Shawal,20,AI
1273,Nouman,21,BA
1274,Hasnain,22,SE
1275,Hassan,19,CS
1276,Sufyan,20,AI
1277,Saif,19,CS
1278,Shaiq,20,AI
1279,Mariam,21,BA
1280,Qasim,22,SE
1281,Areeb,19,CS
1282,Muskan,20,AI
1283,Soban,21,BA
1284,Ali,22,SE
1285,Shakir,19,CS
1286,Qaseem,20,AI
1287,Fareh,21,BA
1288,Abdullah,22,SE
1289,Muzammil,19,CS
1290,Danish,20,AI
1291,Sheheryar,21,BA
1292,Muqees,22,SE
1293,Maham,19,CS
1294,Shawal,20,AI
1295,Nouman,21,BA
1296,Hasnain,22,SE
1297,Hassan,19,CS
1298,Sufyan,20,AI
1299,Saif,19,CS
1300,Shaiq,20,AI
1301,Mariam,21,BA
1302,Qasim,22,SE
1303,Areeb,19,CS
1304,Muskan,20,AI
1305,Soban,21,BA
1306,Ali,22,SE
1307,Shakir,19,CS
1308,Qaseem,20,AI
1309,Fareh,21,BA
1310,Abdullah,22,SE
1311,Muzammil,19,CS
1312,Danish,20,AI
1313,Sheheryar,21,BA
1314,Muqees,22,SE
1315,Maham,19,CS
1316,Shawal,20,AI
1317,Nouman,21,BA
1318,Hasnain,22,SE
1319,Hassan,19,CS
1320,Sufyan,20,AI
1321,Saif,19,CS
1322,Shaiq,20,AI
1323,Mariam,21,BA
1324,Qasim,22,SE
1325,Areeb,19,CS
1326,Muskan,20,AI
1327,Soban,21,BA
1328,Ali,22,SE
1329,Shakir,19,CS
1330,Qaseem,20,AI
1331,Fareh,21,BA
1332,Abdullah,22,SE
1333,Muzammil,19,CS
1334,Danish,20,AI
1335,Sheheryar,21,BA
1336,Muqees,22,SE
1337,Maham,19,CS
1338,Shawal,20,AI
1339,Nouman,21,BA
1340,Hasnain,22,SE
1341,Hassan,19,CS
1342,Sufyan,20,AI
1343,Saif,19,CS
1344,Shaiq,20,AI
1345,Mariam,21,BA
1346,Qasim,22,SE
1347,Areeb,19,CS
1348,Muskan,20,AI
1349,Soban,21,BA
1350,Ali,22,SE
1351,Shakir,19,CS
1352,Qaseem,20,AI
1353,Fareh,21,BA
1354,Abdullah,22,SE
1355,Muzammil,19,CS
1356,Danish,20,AI
1357,Sheheryar,21,BA
1358,Muqees,22,SE
1359,Maham,19,CS
1360,Shawal,20,AI
1361,Nouman,21,BA
1362,Hasnain,22,SE
1363,Hassan,19,CS
1364,Sufyan,20,AI
1365,Saif,19,CS
1366,Shaiq,20,AI
1367,Mariam,21,BA
1368,Qasim,22,SE
1369,Areeb,19,CS
1370,Muskan,20,AI
1371,Soban,21,BA
1372,Ali,22,SE
1373,Shakir,19,CS
1374,Qaseem,20,AI
1375,Fareh,21,BA
1376,Abdullah,22,SE
1377,Muzammil,19,CS
1378,Danish,20,AI
1379,Sheheryar,21,BA
1380,Muqees,22,SE
1381,Maham,19,CS
1382,Shawal,20,AI
1383,Nouman,21,BA
1384,Hasnain,22,SE
1385,Hassan,19,CS
1386,Sufyan,20,AI
1387,Saif,19,CS
1388,Shaiq,20,AI
1389,Mariam,21,BA
1390,Qasim,22,SE
1391,Areeb,19,CS
1392,Muskan,20,AI
1393,Soban,21,BA
1394,Ali,22,SE
1395,Shakir,19,CS
1396,Qaseem,20,AI
1397,Fareh,21,BA
1398,Abdullah,22,SE
1399,Muzammil,19,CS
1400,Danish,20,AI
1401,Sheheryar,21,BA
1402,Muqees,22,SE
1403,Maham,19,CS
1404,Shawal,20,AI
1405,Nouman,21,BA
1406,Hasnain,22,SE
1407,Hassan,19,CS
1408,Sufyan,20,AI
1409,Saif,19,CS
1410,Shaiq,20,AI
1411,Mariam,21,BA
1412,Qasim,22,SE
1413,Areeb,19,CS
1414,Muskan,20,AI
1415,Soban,21,BA
1416,Ali,22,SE
1417,Shakir,19,CS
1418,Qaseem,20,AI
1419,Fareh,21,BA
1420,Abdullah,22,SE
1421,Muzammil,19,CS
1422,Danish,20,AI
1423,Sheheryar,21,BA
1424,Muqees,22,SE
1425,Maham,19,CS
1426,Shawal,20,AI
1427,Nouman,21,BA
1428,Hasnain,22,SE
1429,Hassan,19,CS
1430,Sufyan,20,AI
1431,Saif,19,CS
1432,Shaiq,20,AI
1433,Mariam,21,BA
1434,Qasim,22,SE
1435,Areeb,19,CS
1436,Muskan,20,AI
1437,Soban,21,BA
1438,Ali,22,SE
1439,Shakir,19,CS
1440,Qaseem,20,AI
1441,Fareh,21,BA
1442,Abdullah,22,SE
1443,Muzammil,19,CS
1444,Danish,20,AI
1445,Sheheryar,21,BA
1446,Muqees,22,SE
1447,Maham,19,CS
1448,Shawal,20,AI
1449,Nouman,21,BA
1450,Hasnain,22,SE
1451,Hassan,19,CS
1452,Sufyan,20,AI
1453,Saif,19,CS
1454,Shaiq,20,AI
1455,Mariam,21,BA
1456,Qasim,22,SE
1457,Areeb,19,CS
1458,Muskan,20,AI
1459,Soban,21,BA
1460,Ali,22,SE
1461,Shakir,19,CS
1462,Qaseem,20,AI
1463,Fareh,21,BA
1464,Abdullah,22,SE
1465,Muzammil,19,CS
1466,Danish,20,AI
1467,Sheheryar,21,BA
1468,Muqees,22,SE
1469,Maham,19,CS
1470,Shawal,20,AI
1471,Nouman,21,BA
1472,Hasnain,22,SE
1473,Hassan,19,CS
1474,Sufyan,20,AI
1475,Saif,19,CS
1476,Shaiq,20,AI
1477,Mariam,21,BA
1478,Qasim,22,SE
1479,Areeb,19,CS
1480,Muskan,20,AI
1481,Soban,21,BA
1482,Ali,22,SE
1483,Shakir,19,CS
1484,Qaseem,20,AI
1485,Fareh,21,BA
1486,Abdullah,22,SE
1487,Muzammil,19,CS
1488,Danish,20,AI
1489,Sheheryar,21,BA
1490,Muqees,22,SE
1491,Maham,19,CS
1492,Shawal,20,AI
1493,Nouman,21,BA
1494,Hasnain,22,SE
1495,Hassan,19,CS
1496,Sufyan,20,AI
1497,Saif,19,CS
1498,Shaiq,20,AI
1499,Mariam,21,BA
1500,Qasim,22,SE
1501,Areeb,19,CS
1502,Muskan,20,AI
1503,Soban,21,BA
1504,Ali,22,SE
1505,Shakir,19,CS
1506,Qaseem,20,AI
1507,Fareh,21,BA
1508,Abdullah,22,SE
1509,Muzammil,19,CS
1510,Danish,20,AI
1511,Sheheryar,21,BA
1512,Muqees,22,SE
1513,Maham,19,CS
1514,Shawal,20,AI
1515,Nouman,21,BA
1516,Hasnain,22,SE
1517,Hassan,19,CS
1518,Sufyan,20,AI
1519,Saif,19,CS
1520,Shaiq,20,AI
1521,Mariam,21,BA
1522,Qasim,22,SE
1523,Areeb,19,CS
1524,Muskan,20,AI
1525,Soban,21,BA
1526,Ali,22,SE
1527,Shakir,19,CS
1528,Qaseem,20,AI
1529,Fareh,21,BA
1530,Abdullah,22,SE
1531,Muzammil,19,CS
1532,Danish,20,AI
1533,Sheheryar,21,BA
1534,Muqees,22,SE
1535,Maham,19,CS
1536,Shawal,20,AI
1537,Nouman,21,BA
1538,Hasnain,22,SE
1539,Hassan,19,CS
1540,Sufyan,20,AI
1541,Saif,19,CS
1542,Shaiq,20,AI
1543,Mariam,21,BA
1544,Qasim,22,SE
1545,Areeb,19,CS
1546,Muskan,20,AI
1547,Soban,21,BA
1548,Ali,22,SE
1549,Shakir,19,CS
1550,Qaseem,20,AI
1551,Fareh,21,BA
1552,Abdullah,22,SE
1553,Muzammil,19,CS
1554,Danish,20,AI
1555,Sheheryar,21,BA
1556,Muqees,22,SE
1557,Maham,19,CS
1558,Shawal,20,AI
1559,Nouman,21,BA
1560,Hasnain,22,SE
1561,Hassan,19,CS
1562,Sufyan,20,AI
1563,Saif,19,CS
1564,Shaiq,20,AI
1565,Mariam,21,BA
1566,Qasim,22,SE
1567,Areeb,19,CS
1568,Muskan,20,AI
1569,Soban,21,BA
1570,Ali,22,SE
1571,Shakir,19,CS
1572,Qaseem,20,AI
1573,Fareh,21,BA
1574,Abdullah,22,SE
1575,Muzammil,19,CS
1576,Danish,20,AI
1577,Sheheryar,21,BA
1578,Muqees,22,SE
1579,Maham,19,CS
1580,Shawal,20,AI
1581,Nouman,21,BA
1582,Hasnain,22,SE
1583,Hassan,19,CS
1584,Sufyan,20,AI
1585,Saif,19,CS
1586,Shaiq,20,AI
1587,Mariam,21,BA
1588,Qasim,22,SE
1589,Areeb,19,CS
1590,Muskan,20,AI
1591,Soban,21,BA
1592,Ali,22,SE
1593,Shakir,19,CS
1594,Qaseem,20,AI
1595,Fareh,21,BA
1596,Abdullah,22,SE
1597,Muzammil,19,CS
1598,Danish,20,AI
1599,Sheheryar,21,BA
1600,Muqees,22,SE
1601,Maham,19,CS
1602,Shawal,20,AI
1603,Nouman,21,BA
1604,Hasnain,22,SE
1605,Hassan,19,CS
1606,Sufyan,20,AI
1607,Saif,19,CS
1608,Shaiq,20,AI
1609,Mariam,21,BA
1610,Qasim,22,SE
1611,Areeb,19,CS
1612,Muskan,20,AI
1613,Soban,21,BA
1614,Ali,22,SE
1615,Shakir,19,CS
1616,Qaseem,20,AI
1617,Fareh,21,BA
1618,Abdullah,22,SE
1619,Muzammil,19,CS
1620,Danish,20,AI
1621,Sheheryar,21,BA
1622,Muqees,22,SE
1623,Maham,19,CS
1624,Shawal,20,AI
1625,Nouman,21,BA
1626,Hasnain,22,SE
1627,Hassan,19,CS
1628,Sufyan,20,AI
1629,Saif,19,CS
1630,Shaiq,20,AI
1631,Mariam,21,BA
1632,Qasim,22,SE
1633,Areeb,19,CS
1634,Muskan,20,AI
1635,Soban,21,BA
1636,Ali,22,SE
1637,Shakir,19,CS
1638,Qaseem,20,AI
1639,Fareh,21,BA
1640,Abdullah,22,SE
1641,Muzammil,19,CS
1642,Danish,20,AI
1643,Sheheryar,21,BA
1644,Muqees,22,SE
1645,Maham,19,CS
1646,Shawal,20,AI
1647,Nouman,21,BA
1648,Hasnain,22,SE
1649,Hassan,19,CS
1650,Sufyan,20,AI
1651,Saif,19,CS
1652,Shaiq,20,AI
1653,Mariam,21,BA
1654,Qasim,22,SE
1655,Areeb,19,CS
1656,Muskan,20,AI
1657,Soban,21,BA
1658,Ali,22,SE
1659,Shakir,19,CS
1660,Qaseem,20,AI
1661,Fareh,21,BA
1662,Abdullah,22,SE
1663,Muzammil,19,CS
1664,Danish,20,AI
1665,Sheheryar,21,BA
1666,Muqees,22,SE
1667,Maham,19,CS
1668,Shawal,20,AI
1669,Nouman,21,BA
1670,Hasnain,22,SE
1671,Hassan,19,CS
1672,Sufyan,20,AI
1673,Saif,19,CS
1674,Shaiq,20,AI
1675,Mariam,21,BA
1676,Qasim,22,SE
1677,Areeb,19,CS
1678,Muskan,20,AI
1679,Soban,21,BA
1680,Ali,22,SE
1681,Shakir,19,CS
1682,Qaseem,20,AI
1683,Fareh,21,BA
1684,Abdullah,22,SE
1685,Muzammil,19,CS
1686,Danish,20,AI
1687,Sheheryar,21,BA
1688,Muqees,22,SE
1689,Maham,19,CS
1690,Shawal,20,AI
1691,Nouman,21,BA
1692,Hasnain,22,SE
1693,Hassan,19,CS
1694,Sufyan,20,AI
1695,Saif,19,CS
1696,Shaiq,20,AI
1697,Mariam,21,BA
1698,Qasim,22,SE
1699,Areeb,19,CS
1700,Muskan,20,AI
1701,Soban,21,BA
1702,Ali,22,SE
1703,Shakir,19,CS
1704,Qaseem,20,AI
1705,Fareh,21,BA
1706,Abdullah,22,SE
1707,Muzammil,19,CS
1708,Danish,20,AI
1709,Sheheryar,21,BA
1710,Muqees,22,SE
1711,Maham,19,CS
1712,Shawal,20,AI
1713,Nouman,21,BA
1714,Hasnain,22,SE
1715,Hassan,19,CS
1716,Sufyan,20,AI
1717,Saif,19,CS
1718,Shaiq,20,AI
1719,Mariam,21,BA
1720,Qasim,22,SE
1721,Areeb,19,CS
1722,Muskan,20,AI
1723,Soban,21,BA
1724,Ali,22,SE
1725,Shakir,19,CS
1726,Qaseem,20,AI
1727,Fareh,21,BA
1728,Abdullah,22,SE
1729,Muzammil,19,CS
1730,Danish,20,AI
1731,Sheheryar,21,BA
1732,Muqees,22,SE
1733,Maham,19,CS
1734,Shawal,20,AI
1735,Nouman,21,BA
1736,Hasnain,22,SE
1737,Hassan,19,CS
1738,Sufyan,20,AI
1739,Saif,19,CS
1740,Shaiq,20,AI
1741,Mariam,21,BA
1742,Qasim,22,SE
1743,Areeb,19,CS
1744,Muskan,20,AI
1745,Soban,21,BA
1746,Ali,22,SE
1747,Shakir,19,CS
1748,Qaseem,20,AI
1749,Fareh,21,BA
1750,Abdullah,22,SE
1751,Muzammil,19,CS
1752,Danish,20,AI
1753,Sheheryar,21,BA
1754,Muqees,22,SE
1755,Maham,19,CS
1756,Shawal,20,AI
1757,Nouman,21,BA
1758,Hasnain,22,SE
1759,Hassan,19,CS
1760,Sufyan,20,AI
1761,Saif,19,CS
1762,Shaiq,20,AI
1763,Mariam,21,BA
1764,Qasim,22,SE
1765,Areeb,19,CS
1766,Muskan,20,AI
1767,Soban,21,BA
1768,Ali,22,SE
1769,Shakir,19,CS
1770,Qaseem,20,AI
1771,Fareh,21,BA
1772,Abdullah,22,SE
1773,Muzammil,19,CS
1774,Danish,20,AI
1775,Sheheryar,21,BA
1776,Muqees,22,SE
1777,Maham,19,CS
1778,Shawal,20,AI
1779,Nouman,21,BA
1780,Hasnain,22,SE
1781,Hassan,19,CS
1782,Sufyan,20,AI
1783,Saif,19,CS
1784,Shaiq,20,AI
1785,Mariam,21,BA
1786,Qasim,22,SE
1787,Areeb,19,CS
1788,Muskan,20,AI
1789,Soban,21,BA
1790,Ali,22,SE
1791,Shakir,19,CS
1792,Qaseem,20,AI
1793,Fareh,21,BA
1794,Abdullah,22,SE
1795,Muzammil,19,CS
1796,Danish,20,AI
1797,Sheheryar,21,BA
1798,Muqees,22,SE
1799,Maham,19,CS
1800,Shawal,20,AI
1801,Nouman,21,BA
1802,Hasnain,22,SE
1803,Hassan,19,CS
1804,Sufyan,20,AI
1805,Saif,19,CS
1806,Shaiq,20,AI
1807,Mariam,21,BA
1808,Qasim,22,SE
1809,Areeb,19,CS
1810,Muskan,20,AI
1811,Soban,21,BA
1812,Ali,22,SE
1813,Shakir,19,CS
1814,Qaseem,20,AI
1815,Fareh,21,BA
1816,Abdullah,22,SE
1817,Muzammil,19,CS
1818,Danish,20,AI
1819,Sheheryar,21,BA
1820,Muqees,22,SE
1821,Maham,19,CS
1822,Shawal,20,AI
1823,Nouman,21,BA
1824,Hasnain,22,SE
1825,Hassan,19,CS
1826,Sufyan,20,AI
1827,Saif,19,CS
1828,Shaiq,20,AI
1829,Mariam,21,BA
1830,Qasim,22,SE
1831,Areeb,19,CS
1832,Muskan,20,AI
1833,Soban,21,BA
1834,Ali,22,SE
1835,Shakir,19,CS
1836,Qaseem,20,AI
1837,Fareh,21,BA
1838,Abdullah,22,SE
1839,Muzammil,19,CS
1840,Danish,20,AI
1841,Sheheryar,21,BA
1842,Muqees,22,SE
1843,Maham,19,CS
1844,Shawal,20,AI
1845,Nouman,21,BA
1846,Hasnain,22,SE
1847,Hassan,19,CS
1848,Sufyan,20,AI
1849,Saif,19,CS
1850,Shaiq,20,AI
1851,Mariam,21,BA
1852,Qasim,22,SE
1853,Areeb,19,CS
1854,Muskan,20,AI
1855,Soban,21,BA
1856,Ali,22,SE
1857,Shakir,19,CS
1858,Qaseem,20,AI
1859,Fareh,21,BA
1860,Abdullah,22,SE
1861,Muzammil,19,CS
1862,Danish,20,AI
1863,Sheheryar,21,BA
1864,Muqees,22,SE
1865,Maham,19,CS
1866,Shawal,20,AI
1867,Nouman,21,BA
1868,Hasnain,22,SE
1869,Hassan,19,CS
1870,Sufyan,20,AI
1871,Saif,19,CS
1872,Shaiq,20,AI
1873,Mariam,21,BA
1874,Qasim,22,SE
1875,Areeb,19,CS
1876,Muskan,20,AI
1877,Soban,21,BA
1878,Ali,22,SE
1879,Shakir,19,CS
1880,Qaseem,20,AI
1881,Fareh,21,BA
1882,Abdullah,22,SE
1883,Muzammil,19,CS
1884,Danish,20,AI
1885,Sheheryar,21,BA
1886,Muqees,22,SE
1887,Maham,19,CS
1888,Shawal,20,AI
1889,Nouman,21,BA
1890,Hasnain,22,SE
1891,Hassan,19,CS
1892,Sufyan,20,AI
1893,Saif,19,CS
1894,Shaiq,20,AI
1895,Mariam,21,BA
1896,Qasim,22,SE
1897,Areeb,19,CS
1898,Muskan,20,AI
1899,Soban,21,BA
1900,Ali,22,SE
1901,Shakir,19,CS
1902,Qaseem,20,AI
1903,Fareh,21,BA
1904,Abdullah,22,SE
1905,Muzammil,19,CS
1906,Danish,20,AI
1907,Sheheryar,21,BA
1908,Muqees,22,SE
1909,Maham,19,CS
1910,Shawal,20,AI
1911,Nouman,21,BA
1912,Hasnain,22,SE
1913,Hassan,19,CS
1914,Sufyan,20,AI
1915,Saif,19,CS
1916,Shaiq,20,AI
1917,Mariam,21,BA
1918,Qasim,22,SE
1919,Areeb,19,CS
1920,Muskan,20,AI
1921,Soban,21,BA
1922,Ali,22,SE
1923,Shakir,19,CS
1924,Qaseem,20,AI
1925,Fareh,21,BA
1926,Abdullah,22,SE
1927,Muzammil,19,CS
1928,Danish,20,AI
1929,Sheheryar,21,BA
1930,Muqees,22,SE
1931,Maham,19,CS
1932,Shawal,20,AI
1933,Nouman,21,BA
1934,Hasnain,22,SE
1935,Hassan,19,CS
1936,Sufyan,20,AI
1937,Saif,19,CS
1938,Shaiq,20,AI
1939,Mariam,21,BA
1940,Qasim,22,SE
1941,Areeb,19,CS
1942,Muskan,20,AI
1943,Soban,21,BA
1944,Ali,22,SE
1945,Shakir,19,CS
1946,Qaseem,20,AI
1947,Fareh,21,BA
1948,Abdullah,22,SE
1949,Muzammil,19,CS
1950,Danish,20,AI
1951,Sheheryar,21,BA
1952,Muqees,22,SE
1953,Maham,19,CS
1954,Shawal,20,AI
1955,Nouman,21,BA
1956,Hasnain,22,SE
1957,Hassan,19,CS
1958,Sufyan,20,AI
1959,Saif,19,CS
1960,Shaiq,20,AI
1961,Mariam,21,BA
1962,Qasim,22,SE
1963,Areeb,19,CS
1964,Muskan,20,AI
1965,Soban,21,BA
1966,Ali,22,SE
1967,Shakir,19,CS
1968,Qaseem,20,AI
1969,Fareh,21,BA
1970,Abdullah,22,SE
1971,Muzammil,19,CS
1972,Danish,20,AI
1973,Sheheryar,21,BA
1974,Muqees,22,SE
1975,Maham,19,CS
1976,Shawal,20,AI
1977,Nouman,21,BA
1978,Hasnain,22,SE
1979,Hassan,19,CS
1980,Sufyan,20,AI
1981,Saif,19,CS
1982,Shaiq,20,AI
1983,Mariam,21,BA
1984,Qasim,22,SE
1985,Areeb,19,CS
1986,Muskan,20,AI
1987,Soban,21,BA
1988,Ali,22,SE
1989,Shakir,19,CS
1990,Qaseem,20,AI
1991,Fareh,21,BA
1992,Abdullah,22,SE
1993,Muzammil,19,CS
1994,Danish,20,AI
1995,Sheheryar,21,BA
1996,Muqees,22,SE
1997,Maham,19,CS
1998,Shawal,20,AI
1999,Nouman,21,BA
2000,Hasnain,22,SE
2001,Hassan,19,CS
2002,Sufyan,20,AI
2003,Saif,19,CS
2004,Shaiq,20,AI
2005,Mariam,21,BA
2006,Qasim,22,SE
2007,Areeb,19,CS
2008,Muskan,20,AI
2009,Soban,21,BA
2010,Ali,22,SE
2011,Shakir,19,CS
2012,Qaseem,20,AI
2013,Fareh,21,BA
2014,Abdullah,22,SE
2015,Muzammil,19,CS
2016,Danish,20,AI
2017,Sheheryar,21,BA
2018,Muqees,22,SE
2019,Maham,19,CS
2020,Shawal,20,AI
2021,Nouman,21,BA
2022,Hasnain,22,SE
2023,Hassan,19,CS
2024,Sufyan,20,AI
2025,Saif,19,CS
2026,Shaiq,20,AI
2027,Mariam,21,BA
2028,Qasim,22,SE
2029,Areeb,19,CS
2030,Muskan,20,AI
2031,Soban,21,BA
2032,Ali,22,SE
2033,Shakir,19,CS
2034,Qaseem,20,AI
2035,Fareh,21,BA
2036,Abdullah,22,SE
2037,Muzammil,19,CS
2038,Danish,20,AI
2039,Sheheryar,21,BA
2040,Muqees,22,SE
2041,Maham,19,CS
2042,Shawal,20,AI
2043,Nouman,21,BA
2044,Hasnain,22,SE
2045,Hassan,19,CS
2046,Sufyan,20,AI
2047,Saif,19,CS
2048,Shaiq,20,AI
2049,Mariam,21,BA
2050,Qasim,22,SE
2051,Areeb,19,CS
2052,Muskan,20,AI
2053,Soban,21,BA
2054,Ali,22,SE
2055,Shakir,19,CS
2056,Qaseem,20,AI
2057,Fareh,21,BA
2058,Abdullah,22,SE
2059,Muzammil,19,CS
2060,Danish,20,AI
2061,Sheheryar,21,BA
2062,Muqees,22,SE
2063,Maham,19,CS
2064,Shawal,20,AI
2065,Nouman,21,BA
2066,Hasnain,22,SE
2067,Hassan,19,CS
2068,Sufyan,20,AI
2069,Saif,19,CS
2070,Shaiq,20,AI
2071,Mariam,21,BA
2072,Qasim,22,SE
2073,Areeb,19,CS
2074,Muskan,20,AI
2075,Soban,21,BA
2076,Ali,22,SE
2077,Shakir,19,CS
2078,Qaseem,20,AI
2079,Fareh,21,BA
2080,Abdullah,22,SE
2081,Muzammil,19,CS
2082,Danish,20,AI
2083,Sheheryar,21,BA
2084,Muqees,22,SE
2085,Maham,19,CS
2086,Shawal,20,AI
2087,Nouman,21,BA
2088,Hasnain,22,SE
2089,Hassan,19,CS
2090,Sufyan,20,AI
2091,Saif,19,CS
2092,Shaiq,20,AI
2093,Mariam,21,BA
2094,Qasim,22,SE
2095,Areeb,19,CS
2096,Muskan,20,AI
2097,Soban,21,BA
2098,Ali,22,SE
2099,Shakir,19,CS
2100,Qaseem,20,AI
2101,Fareh,21,BA
2102,Abdullah,22,SE
2103,Muzammil,19,CS
2104,Danish,20,AI
2105,Sheheryar,21,BA
2106,Muqees,22,SE
2107,Maham,19,CS
2108,Shawal,20,AI
2109,Nouman,21,BA
2110,Hasnain,22,SE
2111,Hassan,19,CS
2112,Sufyan,20,AI
2113,Saif,19,CS
2114,Shaiq,20,AI
2115,Mariam,21,BA
2116,Qasim,22,SE
2117,Areeb,19,CS
2118,Muskan,20,AI
2119,Soban,21,BA
2120,Ali,22,SE
2121,Shakir,19,CS
2122,Qaseem,20,AI
2123,Fareh,21,BA
2124,Abdullah,22,SE
2125,Muzammil,19,CS
2126,Danish,20,AI
2127,Sheheryar,21,BA
2128,Muqees,22,SE
2129,Maham,19,CS
2130,Shawal,20,AI
2131,Nouman,21,BA
2132,Hasnain,22,SE
2133,Hassan,19,CS
2134,Sufyan,20,AI
2135,Saif,19,CS
2136,Shaiq,20,AI
2137,Mariam,21,BA
2138,Qasim,22,SE
2139,Areeb,19,CS
2140,Muskan,20,AI
2141,Soban,21,BA
2142,Ali,22,SE
2143,Shakir,19,CS
2144,Qaseem,20,AI
2145,Fareh,21,BA
2146,Abdullah,22,SE
2147,Muzammil,19,CS
2148,Danish,20,AI
2149,Sheheryar,21,BA
2150,Muqees,22,SE
2151,Maham,19,CS
2152,Shawal,20,AI
2153,Nouman,21,BA
2154,Hasnain,22,SE
2155,Hassan,19,CS
2156,Sufyan,20,AI
2157,Saif,19,CS
2158,Shaiq,20,AI
2159,Mariam,21,BA
2160,Qasim,22,SE
2161,Areeb,19,CS
2162,Muskan,20,AI
2163,Soban,21,BA
2164,Ali,22,SE
2165,Shakir,19,CS
2166,Qaseem,20,AI
2167,Fareh,21,BA
2168,Abdullah,22,SE
2169,Muzammil,19,CS
2170,Danish,20,AI
2171,Sheheryar,21,BA
2172,Muqees,22,SE
2173,Maham,19,CS
2174,Shawal,20,AI
2175,Nouman,21,BA
2176,Hasnain,22,SE
2177,Hassan,19,CS
2178,Sufyan,20,AI
2179,Saif,19,CS
2180,Shaiq,20,AI
2181,Mariam,21,BA
2182,Qasim,22,SE
2183,Areeb,19,CS
2184,Muskan,20,AI
2185,Soban,21,BA
2186,Ali,22,SE
2187,Shakir,19,CS
2188,Qaseem,20,AI
2189,Fareh,21,BA
2190,Abdullah,22,SE
2191,Muzammil,19,CS
2192,Danish,20,AI
2193,Sheheryar,21,BA
2194,Muqees,22,SE
2195,Maham,19,CS
2196,Shawal,20,AI
2197,Nouman,21,BA
2198,Hasnain,22,SE
2199,Hassan,19,CS
2200,Sufyan,20,AI
2201,Saif,19,CS
2202,Shaiq,20,AI
2203,Mariam,21,BA
2204,Qasim,22,SE
2205,Areeb,19,CS
2206,Muskan,20,AI
2207,Soban,21,BA
2208,Ali,22,SE
2209,Shakir,19,CS
2210,Qaseem,20,AI
2211,Fareh,21,BA
2212,Abdullah,22,SE
2213,Muzammil,19,CS
2214,Danish,20,AI
2215,Sheheryar,21,BA
2216,Muqees,22,SE
2217,Maham,19,CS
2218,Shawal,20,AI
2219,Nouman,21,BA
2220,Hasnain,22,SE
2221,Hassan,19,CS
2222,Sufyan,20,AI
2223,Saif,19,CS
2224,Shaiq,20,AI
2225,Mariam,21,BA
2226,Qasim,22,SE
2227,Areeb,19,CS
2228,Muskan,20,AI
2229,Soban,21,BA
2230,Ali,22,SE
2231,Shakir,19,CS
2232,Qaseem,20,AI
2233,Fareh,21,BA
2234,Abdullah,22,SE
2235,Muzammil,19,CS
2236,Danish,20,AI
2237,Sheheryar,21,BA
2238,Muqees,22,SE
2239,Maham,19,CS
2240,Shawal,20,AI
2241,Nouman,21,BA
2242,Hasnain,22,SE
2243,Hassan,19,CS
2244,Sufyan,20,AI
2245,Saif,19,CS
2246,Shaiq,20,AI
2247,Mariam,21,BA
2248,Qasim,22,SE
2249,Areeb,19,CS
2250,Muskan,20,AI
2251,Soban,21,BA
2252,Ali,22,SE
2253,Shakir,19,CS
2254,Qaseem,20,AI
2255,Fareh,21,BA
2256,Abdullah,22,SE
2257,Muzammil,19,CS
2258,Danish,20,AI
2259,Sheheryar,21,BA
2260,Muqees,22,SE
2261,Maham,19,CS
2262,Shawal,20,AI
2263,Nouman,21,BA
2264,Hasnain,22,SE
2265,Hassan,19,CS
2266,Sufyan,20,AI
2267,Saif,19,CS
2268,Shaiq,20,AI
2269,Mariam,21,BA
2270,Qasim,22,SE
2271,Areeb,19,CS
2272,Muskan,20,AI
2273,Soban,21,BA
2274,Ali,22,SE
2275,Shakir,19,CS
2276,Qaseem,20,AI
2277,Fareh,21,BA
2278,Abdullah,22,SE
2279,Muzammil,19,CS
2280,Danish,20,AI
2281,Sheheryar,21,BA
2282,Muqees,22,SE
2283,Maham,19,CS
2284,Shawal,20,AI
2285,Nouman,21,BA
2286,Hasnain,22,SE
2287,Hassan,19,CS
2288,Sufyan,20,AI
2289,Saif,19,CS
2290,Shaiq,20,AI
2291,Mariam,21,BA
2292,Qasim,22,SE
2293,Areeb,19,CS
2294,Muskan,20,AI
2295,Soban,21,BA
2296,Ali,22,SE
2297,Shakir,19,CS
2298,Qaseem,20,AI
2299,Fareh,21,BA
2300,Abdullah,22,SE
2301,Muzammil,19,CS
2302,Danish,20,AI
2303,Sheheryar,21,BA
2304,Muqees,22,SE
2305,Maham,19,CS
2306,Shawal,20,AI
2307,Nouman,21,BA
2308,Hasnain,22,SE
2309,Hassan,19,CS
2310,Sufyan,20,AI
2311,Saif,19,CS
2312,Shaiq,20,AI
2313,Mariam,21,BA
2314,Qasim,22,SE
2315,Areeb,19,CS
2316,Muskan,20,AI
2317,Soban,21,BA
2318,Ali,22,SE
2319,Shakir,19,CS
2320,Qaseem,20,AI
2321,Fareh,21,BA
2322,Abdullah,22,SE
2323,Muzammil,19,CS
2324,Danish,20,AI
2325,Sheheryar,21,BA
2326,Muqees,22,SE
2327,Maham,19,CS
2328,Shawal,20,AI
2329,Nouman,21,BA
2330,Hasnain,22,SE
2331,Hassan,19,CS
2332,Sufyan,20,AI
2333,Saif,19,CS
2334,Shaiq,20,AI
2335,Mariam,21,BA
2336,Qasim,22,SE
2337,Areeb,19,CS
2338,Muskan,20,AI
2339,Soban,21,BA
2340,Ali,22,SE
2341,Shakir,19,CS
2342,Qaseem,20,AI
2343,Fareh,21,BA
2344,Abdullah,22,SE
2345,Muzammil,19,CS
2346,Danish,20,AI
2347,Sheheryar,21,BA
2348,Muqees,22,SE
2349,Maham,19,CS
2350,Shawal,20,AI
2351,Nouman,21,BA
2352,Hasnain,22,SE
2353,Hassan,19,CS
2354,Sufyan,20,AI
2355,Saif,19,CS
2356,Shaiq,20,AI
2357,Mariam,21,BA
2358,Qasim,22,SE
2359,Areeb,19,CS
2360,Muskan,20,AI
2361,Soban,21,BA
2362,Ali,22,SE
2363,Shakir,19,CS
2364,Qaseem,20,AI
2365,Fareh,21,BA
2366,Abdullah,22,SE
2367,Muzammil,19,CS
2368,Danish,20,AI
2369,Sheheryar,21,BA
2370,Muqees,22,SE
2371,Maham,19,CS
2372,Shawal,20,AI
2373,Nouman,21,BA
2374,Hasnain,22,SE
2375,Hassan,19,CS
2376,Sufyan,20,AI
2377,Saif,19,CS
2378,Shaiq,20,AI
2379,Mariam,21,BA
2380,Qasim,22,SE
2381,Areeb,19,CS
2382,Muskan,20,AI
2383,Soban,21,BA
2384,Ali,22,SE
2385,Shakir,19,CS
2386,Qaseem,20,AI
2387,Fareh,21,BA
2388,Abdullah,22,SE
2389,Muzammil,19,CS
2390,Danish,20,AI
2391,Sheheryar,21,BA
2392,Muqees,22,SE
2393,Maham,19,CS
2394,Shawal,20,AI
2395,Nouman,21,BA
2396,Hasnain,22,SE
2397,Hassan,19,CS
2398,Sufyan,20,AI
